order_id,customer_id,order_date,order_total,order_status
ORD0001,CUST079,2025-08-25,2974.74,Delivered
ORD0002,CUST011,2025-02-06,2328.31,Shipped
ORD0003,CUST041,2025-08-12,1865.25,Shipped
ORD0004,CUST023,2024-12-13,1726.94,Delivered
ORD0005,CUST097,2024-12-10,1179.39,Delivered
ORD0006,CUST095,2025-05-22,790.76,Shipped
ORD0007,CUST041,2025-04-25,224.24,Delivered
ORD0008,CUST018,2024-12-08,782.15,Shipped
ORD0009,CUST066,2025-04-08,447.1,Delivered
ORD0010,CUST081,2025-08-05,475.44,Delivered
ORD0011,CUST031,2024-11-15,810.18,Delivered
ORD0012,CUST039,2024-10-07,1467.54,Delivered
ORD0013,CUST059,2025-03-06,1352.49,Shipped
ORD0014,CUST088,2025-09-22,1414.04,Shipped
ORD0015,CUST010,2025-07-25,1098.89,Delivered
ORD0016,CUST011,2025-05-29,2972.54,Shipped
ORD0017,CUST065,2025-01-07,487.91,Shipped
ORD0018,CUST084,2024-10-23,1280.55,Shipped
ORD0019,CUST055,2025-06-22,1986.73,Pending
ORD0020,CUST053,2025-09-09,404.01,Pending
ORD0021,CUST009,2024-10-17,2898.67,Shipped
ORD0022,CUST096,2025-08-27,1535.78,Delivered
ORD0023,CUST093,2025-07-24,1792.39,Delivered
ORD0024,CUST035,2025-06-17,306,Delivered
ORD0025,CUST082,2025-03-03,90.71,Shipped
ORD0026,CUST022,2025-08-14,1245.56,Delivered
ORD0027,CUST011,2025-06-19,1838.04,Delivered
ORD0028,CUST070,2025-05-04,473.25,Shipped
ORD0029,CUST063,2025-05-11,682.82,Shipped
ORD0030,CUST095,2025-05-23,2602.67,Shipped
ORD0031,CUST034,2025-07-16,1153.89,Delivered
ORD0032,CUST001,2024-12-14,2107.87,Delivered
ORD0033,CUST013,2024-11-10,58.11,Shipped
ORD0034,CUST028,2024-12-05,644.04,Delivered
ORD0035,CUST021,2024-12-30,2913.35,Delivered
ORD0036,CUST009,2024-10-18,764.44,Delivered
ORD0037,CUST030,2025-09-03,1511.83,Delivered
ORD0038,CUST057,2025-03-11,99.33,Delivered
ORD0039,CUST077,2025-06-22,1773.72,Delivered
ORD0040,CUST040,2024-12-09,1480.12,Pending
ORD0041,CUST037,2024-12-02,2620.98,Cancelled
ORD0042,CUST080,2024-11-13,1444.43,Shipped
ORD0043,CUST008,2025-07-08,689.7,Shipped
ORD0044,CUST098,2025-08-24,652.8,Delivered
ORD0045,CUST053,2025-03-02,233.35,Delivered
ORD0046,CUST064,2025-05-22,2725.76,Shipped
ORD0047,CUST024,2025-09-12,2358.38,Shipped
ORD0048,CUST066,2025-04-06,2031.95,Pending
ORD0049,CUST010,2025-02-20,553.8,Delivered
ORD0050,CUST014,2024-11-11,873.71,Cancelled
ORD0051,CUST018,2025-02-21,2398.86,Delivered
ORD0052,CUST096,2025-08-14,671.56,Delivered
ORD0053,CUST063,2025-02-02,1167.88,Delivered
ORD0054,CUST001,2025-01-07,1244.32,Delivered
ORD0055,CUST059,2025-07-26,4552.65,Delivered
ORD0056,CUST082,2024-10-27,1140.74,Delivered
ORD0057,CUST003,2025-01-19,1531.48,Delivered
ORD0058,CUST087,2025-05-26,933.72,Shipped
ORD0059,CUST013,2025-02-25,2087.29,Delivered
ORD0060,CUST053,2025-06-27,409,Delivered
ORD0061,CUST086,2025-04-13,1723.34,Cancelled
ORD0062,CUST053,2025-03-25,960.42,Cancelled
ORD0063,CUST095,2025-05-18,2898.37,Shipped
ORD0064,CUST086,2025-07-24,1270.32,Shipped
ORD0065,CUST019,2025-06-05,3223.81,Shipped
ORD0066,CUST053,2024-11-10,3727.12,Cancelled
ORD0067,CUST088,2025-06-14,578.14,Delivered
ORD0068,CUST068,2024-10-27,757,Delivered
ORD0069,CUST098,2025-02-19,2555.09,Shipped
ORD0070,CUST001,2025-02-25,1316.89,Delivered
ORD0071,CUST041,2025-05-23,3043.12,Delivered
ORD0072,CUST032,2025-05-20,1286.17,Pending
ORD0073,CUST033,2025-03-25,793.3,Shipped
ORD0074,CUST043,2025-05-07,1784.02,Delivered
ORD0075,CUST021,2024-12-31,3344.01,Delivered
ORD0076,CUST027,2025-03-01,1973.37,Cancelled
ORD0077,CUST049,2024-11-13,2865.66,Shipped
ORD0078,CUST006,2025-03-21,1897.26,Delivered
ORD0079,CUST033,2025-04-21,937.88,Delivered
ORD0080,CUST002,2025-08-10,1440.39,Delivered
ORD0081,CUST047,2025-08-20,3233.86,Pending
ORD0082,CUST019,2025-09-16,891.52,Shipped
ORD0083,CUST020,2025-06-22,1838.84,Delivered
ORD0084,CUST077,2025-01-30,2693.76,Delivered
ORD0085,CUST073,2025-03-17,2706.55,Pending
ORD0086,CUST091,2025-04-05,3359.55,Shipped
ORD0087,CUST082,2025-08-27,2139.91,Delivered
ORD0088,CUST084,2025-05-17,1920.89,Pending
ORD0089,CUST037,2024-11-19,2486.24,Delivered
ORD0090,CUST053,2024-11-05,3477.15,Delivered
ORD0091,CUST071,2025-05-03,594.96,Delivered
ORD0092,CUST056,2025-07-11,1861.82,Shipped
ORD0093,CUST060,2025-07-17,1625.12,Delivered
ORD0094,CUST033,2025-09-17,417,Delivered
ORD0095,CUST010,2025-09-05,2826.3,Shipped
ORD0096,CUST061,2025-09-06,796.27,Delivered
ORD0097,CUST007,2025-04-07,2838.84,Delivered
ORD0098,CUST035,2024-12-06,632.13,Shipped
ORD0099,CUST019,2025-08-15,565.46,Delivered
ORD0100,CUST099,2025-09-17,3115.09,Shipped
ORD0101,CUST084,2025-05-28,1298.95,Delivered
ORD0102,CUST005,2025-08-18,2057.18,Delivered
ORD0103,CUST048,2025-09-23,1718.01,Delivered
ORD0104,CUST012,2025-02-23,1278.14,Shipped
ORD0105,CUST100,2024-10-14,1248.36,Delivered
ORD0106,CUST097,2025-04-19,2369.38,Shipped
ORD0107,CUST036,2024-10-23,18.52,Delivered
ORD0108,CUST011,2025-07-26,647.62,Delivered
ORD0109,CUST093,2024-12-10,526.68,Shipped
ORD0110,CUST072,2024-10-20,1409.72,Shipped
ORD0111,CUST070,2025-08-31,916.02,Delivered
ORD0112,CUST081,2025-05-21,1456.04,Shipped
ORD0113,CUST021,2024-12-01,3844.58,Shipped
ORD0114,CUST043,2025-03-28,3329.29,Shipped
ORD0115,CUST026,2025-02-15,1512.37,Shipped
ORD0116,CUST026,2025-09-25,377.26,Delivered
ORD0117,CUST073,2025-04-08,67.86,Shipped
ORD0118,CUST057,2025-02-20,2094.15,Shipped
ORD0119,CUST089,2025-03-01,1907.58,Delivered
ORD0120,CUST086,2025-09-11,1092.03,Delivered
ORD0121,CUST062,2025-03-23,3805.46,Delivered
ORD0122,CUST067,2024-12-09,2478.26,Delivered
ORD0123,CUST051,2025-04-12,1638.62,Shipped
ORD0124,CUST005,2025-03-16,4293.66,Delivered
ORD0125,CUST057,2025-09-18,2988.79,Shipped
ORD0126,CUST057,2025-05-17,1085.79,Delivered
ORD0127,CUST038,2025-01-23,1848.84,Delivered
ORD0128,CUST060,2025-03-14,2971.74,Shipped
ORD0129,CUST077,2025-01-25,1649.71,Delivered
ORD0130,CUST018,2025-08-11,2864.7,Delivered
ORD0131,CUST057,2025-08-31,1693.66,Pending
ORD0132,CUST017,2025-07-11,5356.41,Delivered
ORD0133,CUST018,2025-04-21,328.86,Delivered
ORD0134,CUST099,2025-01-24,896.78,Shipped
ORD0135,CUST048,2025-05-28,1923.52,Delivered
ORD0136,CUST023,2025-04-30,3465.45,Delivered
ORD0137,CUST017,2025-04-10,1173.93,Delivered
ORD0138,CUST061,2025-09-04,814.99,Shipped
ORD0139,CUST053,2025-10-01,1204.32,Delivered
ORD0140,CUST098,2025-01-17,2687.19,Delivered
ORD0141,CUST099,2025-01-01,1129.48,Delivered
ORD0142,CUST055,2024-10-25,4128.22,Delivered
ORD0143,CUST072,2025-05-18,891.76,Delivered
ORD0144,CUST059,2025-01-15,2415.25,Shipped
ORD0145,CUST044,2025-02-03,282.44,Shipped
ORD0146,CUST037,2025-05-16,788.84,Cancelled
ORD0147,CUST040,2025-09-23,278,Delivered
ORD0148,CUST068,2025-04-23,2580.97,Delivered
ORD0149,CUST047,2025-03-24,297.48,Delivered
ORD0150,CUST100,2024-10-22,1457.9,Delivered
ORD0151,CUST082,2025-04-20,111.12,Delivered
ORD0152,CUST029,2025-09-06,2683.89,Delivered
ORD0153,CUST014,2025-01-17,400.25,Shipped
ORD0154,CUST028,2025-02-27,2558.49,Shipped
ORD0155,CUST057,2025-02-11,2305.33,Delivered
ORD0156,CUST078,2024-10-12,311.04,Delivered
ORD0157,CUST033,2025-05-25,2573.11,Shipped
ORD0158,CUST067,2025-05-25,1704.86,Delivered
ORD0159,CUST038,2025-02-16,800.41,Delivered
ORD0160,CUST093,2025-06-16,229.14,Delivered
ORD0161,CUST014,2025-01-16,1809.09,Delivered
ORD0162,CUST003,2025-03-20,1082.06,Delivered
ORD0163,CUST032,2025-08-30,297.99,Delivered
ORD0164,CUST044,2025-01-24,2044.71,Delivered
ORD0165,CUST038,2025-05-21,1737.11,Delivered
ORD0166,CUST061,2025-02-11,2038.65,Shipped
ORD0167,CUST041,2025-05-20,1160.68,Shipped
ORD0168,CUST026,2024-11-01,1771.68,Delivered
ORD0169,CUST085,2025-08-19,2337.98,Delivered
ORD0170,CUST001,2025-06-18,712.44,Delivered
ORD0171,CUST049,2025-08-31,661.99,Delivered
ORD0172,CUST045,2025-01-24,2581.19,Shipped
ORD0173,CUST036,2025-03-21,1514.63,Delivered
ORD0174,CUST039,2025-06-02,1696.52,Delivered
ORD0175,CUST029,2025-01-23,634.56,Delivered
ORD0176,CUST074,2024-11-12,1849.3,Delivered
ORD0177,CUST092,2025-04-11,2024.16,Cancelled
ORD0178,CUST086,2025-04-09,323.81,Shipped
ORD0179,CUST048,2024-10-12,553.61,Shipped
ORD0180,CUST040,2025-06-25,1208.53,Delivered
ORD0181,CUST021,2025-07-23,2331.53,Delivered
ORD0182,CUST027,2025-08-31,1547.45,Delivered
ORD0183,CUST015,2024-11-20,2200.63,Shipped
ORD0184,CUST097,2025-05-18,1194.16,Shipped
ORD0185,CUST085,2025-05-12,921.58,Shipped
ORD0186,CUST071,2025-04-12,2237.18,Shipped
ORD0187,CUST042,2025-03-04,2003.18,Delivered
ORD0188,CUST035,2025-08-22,282.73,Delivered
ORD0189,CUST086,2024-11-20,2113.17,Cancelled
ORD0190,CUST080,2024-10-12,224.24,Delivered
ORD0191,CUST028,2025-03-24,2250.81,Shipped
ORD0192,CUST032,2025-05-10,1105.11,Shipped
ORD0193,CUST069,2025-07-01,1051.83,Shipped
ORD0194,CUST024,2024-11-13,1795.55,Pending
ORD0195,CUST015,2024-10-03,268.02,Delivered
ORD0196,CUST016,2025-08-30,1505.09,Delivered
ORD0197,CUST061,2025-04-11,1503.56,Shipped
ORD0198,CUST033,2025-03-08,3150.8,Shipped
ORD0199,CUST028,2025-08-16,3267.01,Delivered
ORD0200,CUST018,2025-02-13,3746.01,Delivered
ORD0201,CUST031,2024-12-09,1378.17,Shipped
ORD0202,CUST021,2025-09-14,2498.34,Cancelled
ORD0203,CUST033,2024-10-27,2641.96,Delivered
ORD0204,CUST069,2025-03-31,2018.78,Shipped
ORD0205,CUST033,2025-07-21,975.82,Shipped
ORD0206,CUST043,2025-07-09,3178.31,Delivered
ORD0207,CUST071,2024-11-20,2825.13,Shipped
ORD0208,CUST036,2024-11-30,2492.29,Shipped
ORD0209,CUST086,2024-12-15,2045.66,Delivered
ORD0210,CUST044,2025-06-20,165.24,Delivered
ORD0211,CUST007,2024-12-06,1269.79,Delivered
ORD0212,CUST067,2025-04-30,1355.46,Shipped
ORD0213,CUST092,2025-03-27,1150.81,Pending
ORD0214,CUST082,2025-04-14,2305.55,Delivered
ORD0215,CUST082,2025-04-15,1035.27,Delivered
ORD0216,CUST073,2025-02-05,987.88,Delivered
ORD0217,CUST047,2025-04-15,687.42,Delivered
ORD0218,CUST065,2025-09-15,1674.35,Delivered
ORD0219,CUST035,2025-09-26,1795.09,Delivered
ORD0220,CUST100,2024-11-17,1829.47,Shipped
ORD0221,CUST066,2025-04-18,3454.77,Shipped
ORD0222,CUST040,2025-05-25,1510.79,Delivered
ORD0223,CUST025,2025-01-20,507.09,Shipped
ORD0224,CUST048,2025-03-12,1343.09,Shipped
ORD0225,CUST084,2025-05-13,1700.42,Delivered
ORD0226,CUST017,2024-11-16,279.96,Delivered
ORD0227,CUST040,2025-07-14,1256.62,Shipped
ORD0228,CUST087,2025-09-20,883.94,Shipped
ORD0229,CUST022,2025-03-05,217.6,Shipped
ORD0230,CUST039,2025-01-12,3456.07,Delivered
ORD0231,CUST084,2025-03-23,1779.19,Delivered
ORD0232,CUST042,2025-01-20,1701.17,Delivered
ORD0233,CUST054,2025-02-16,3578.82,Delivered
ORD0234,CUST072,2024-10-17,2682.28,Shipped
ORD0235,CUST023,2025-02-07,2158.91,Delivered
ORD0236,CUST097,2025-06-19,2143.48,Shipped
ORD0237,CUST050,2025-05-09,1670.35,Delivered
ORD0238,CUST083,2025-01-30,2455.65,Delivered
ORD0239,CUST044,2025-08-24,2096.59,Delivered
ORD0240,CUST050,2025-06-21,1556.34,Shipped
ORD0241,CUST016,2025-03-31,2398.1,Delivered
ORD0242,CUST023,2024-12-31,1663.96,Delivered
ORD0243,CUST060,2025-07-14,2664.13,Delivered
ORD0244,CUST095,2025-02-08,2792.42,Shipped
ORD0245,CUST057,2025-08-19,393,Shipped
ORD0246,CUST057,2025-01-12,180,Cancelled
ORD0247,CUST063,2025-06-30,3269.88,Delivered
ORD0248,CUST018,2025-04-02,917,Delivered
ORD0249,CUST084,2025-05-15,2720.97,Shipped
ORD0250,CUST023,2025-05-18,445.76,Delivered
ORD0251,CUST054,2025-06-29,1566.65,Delivered
ORD0252,CUST094,2025-02-09,860.6,Delivered
ORD0253,CUST036,2024-12-06,2536.95,Shipped
ORD0254,CUST009,2025-09-07,2583.5,Delivered
ORD0255,CUST005,2025-02-03,1450.74,Delivered
ORD0256,CUST082,2024-11-21,2906.61,Cancelled
ORD0257,CUST099,2025-06-06,3474.43,Shipped
ORD0258,CUST026,2025-08-28,1135,Cancelled
ORD0259,CUST061,2024-11-15,1176.7,Pending
ORD0260,CUST016,2025-01-18,1388.21,Delivered
ORD0261,CUST022,2025-02-02,3097.2,Pending
ORD0262,CUST043,2025-09-30,1934.54,Delivered
ORD0263,CUST028,2024-11-05,400.25,Shipped
ORD0264,CUST086,2024-10-13,2957.55,Delivered
ORD0265,CUST004,2024-11-04,682.05,Delivered
ORD0266,CUST026,2025-04-22,2573,Delivered
ORD0267,CUST024,2024-10-18,3188.27,Delivered
ORD0268,CUST026,2025-05-16,55.08,Shipped
ORD0269,CUST003,2024-10-18,2086.96,Delivered
ORD0270,CUST031,2025-09-06,1752.25,Delivered
ORD0271,CUST047,2025-01-23,448.48,Delivered
ORD0272,CUST053,2025-06-20,1785.46,Shipped
ORD0273,CUST012,2024-11-13,300.17,Cancelled
ORD0274,CUST035,2025-02-19,1220.61,Shipped
ORD0275,CUST027,2025-08-08,2719.66,Shipped
ORD0276,CUST091,2025-07-11,785.84,Shipped
ORD0277,CUST048,2025-06-03,2909.42,Delivered
ORD0278,CUST066,2025-05-29,3040.88,Pending
ORD0279,CUST057,2025-01-17,757.48,Shipped
ORD0280,CUST032,2024-12-13,2322.92,Shipped
ORD0281,CUST006,2025-08-26,1188.87,Delivered
ORD0282,CUST064,2025-07-13,1832.77,Delivered
ORD0283,CUST037,2025-04-12,3198.52,Cancelled
ORD0284,CUST028,2025-03-07,2084.7,Shipped
ORD0285,CUST080,2025-04-30,1382.71,Cancelled
ORD0286,CUST074,2025-03-28,612,Shipped
ORD0287,CUST084,2024-12-15,2083.93,Delivered
ORD0288,CUST018,2024-12-25,1057.48,Delivered
ORD0289,CUST079,2025-02-22,2693.82,Delivered
ORD0290,CUST026,2025-08-20,711.6,Delivered
ORD0291,CUST088,2025-02-18,322.71,Shipped
ORD0292,CUST054,2025-05-22,634.56,Shipped
ORD0293,CUST022,2025-01-05,66.3,Delivered
ORD0294,CUST070,2024-11-19,1022.62,Shipped
ORD0295,CUST042,2024-12-15,895.45,Shipped
ORD0296,CUST071,2025-09-27,658.92,Delivered
ORD0297,CUST003,2025-08-26,391.31,Shipped
ORD0298,CUST080,2025-08-06,652.8,Delivered
ORD0299,CUST021,2025-07-01,2934.65,Delivered
ORD0300,CUST067,2024-11-22,1260.91,Delivered
ORD0301,CUST021,2025-05-07,2010.52,Delivered
ORD0302,CUST057,2025-07-27,861.93,Delivered
ORD0303,CUST079,2025-04-30,1831.79,Shipped
ORD0304,CUST004,2025-06-30,701.24,Delivered
ORD0305,CUST030,2025-05-13,657.72,Delivered
ORD0306,CUST083,2025-01-09,1184.94,Delivered
ORD0307,CUST056,2025-07-26,193.38,Delivered
ORD0308,CUST075,2024-11-12,2635.85,Cancelled
ORD0309,CUST088,2025-08-23,2757.91,Cancelled
ORD0310,CUST058,2025-01-08,1553.28,Delivered
ORD0311,CUST100,2024-10-30,1526.94,Cancelled
ORD0312,CUST099,2025-01-06,2412.11,Delivered
ORD0313,CUST030,2025-09-13,58.11,Shipped
ORD0314,CUST033,2025-09-25,3004.99,Shipped
ORD0315,CUST081,2025-04-10,1557.99,Delivered
ORD0316,CUST012,2024-10-20,2578.92,Delivered
ORD0317,CUST085,2025-07-22,2562.44,Shipped
ORD0318,CUST099,2025-08-20,141.22,Shipped
ORD0319,CUST010,2025-03-18,850.27,Shipped
ORD0320,CUST071,2024-11-26,785.02,Delivered
ORD0321,CUST030,2024-12-19,533.14,Shipped
ORD0322,CUST053,2025-05-25,2346.69,Delivered
ORD0323,CUST026,2025-07-07,1994.95,Delivered
ORD0324,CUST088,2025-01-20,2009.81,Shipped
ORD0325,CUST071,2025-02-19,551.8,Shipped
ORD0326,CUST055,2024-11-04,1675.22,Cancelled
ORD0327,CUST063,2025-06-19,2573.4,Delivered
ORD0328,CUST072,2025-01-09,2178.33,Delivered
ORD0329,CUST019,2025-02-17,1943.98,Delivered
ORD0330,CUST073,2025-08-11,1227.2,Cancelled
ORD0331,CUST030,2025-01-04,631.51,Delivered
ORD0332,CUST076,2025-09-29,2135.14,Delivered
ORD0333,CUST061,2025-05-31,452.52,Delivered
ORD0334,CUST033,2024-12-19,4123.58,Shipped
ORD0335,CUST074,2025-03-16,1025.07,Delivered
ORD0336,CUST078,2025-03-18,795.58,Delivered
ORD0337,CUST094,2025-03-20,3077.62,Delivered
ORD0338,CUST058,2025-07-21,1907.44,Delivered
ORD0339,CUST099,2025-01-18,1502.52,Delivered
ORD0340,CUST027,2024-12-12,2773.24,Cancelled
ORD0341,CUST002,2025-08-25,1093.71,Delivered
ORD0342,CUST019,2024-10-02,3457.93,Delivered
ORD0343,CUST063,2025-06-13,2809.24,Shipped
ORD0344,CUST015,2025-08-20,440.77,Shipped
ORD0345,CUST085,2024-10-14,1876.9,Shipped
ORD0346,CUST086,2025-04-11,697.77,Delivered
ORD0347,CUST024,2025-04-09,2823.81,Delivered
ORD0348,CUST046,2025-09-12,1505.57,Delivered
ORD0349,CUST064,2025-05-03,306,Delivered
ORD0350,CUST058,2025-08-09,1271.13,Shipped
ORD0351,CUST067,2025-03-13,2260.9,Pending
ORD0352,CUST031,2025-02-23,1033.12,Shipped
ORD0353,CUST054,2024-10-08,407.26,Delivered
ORD0354,CUST081,2024-12-19,1106.7,Delivered
ORD0355,CUST093,2025-05-30,2483.83,Delivered
ORD0356,CUST055,2025-07-07,2448.48,Delivered
ORD0357,CUST033,2025-04-30,2262.68,Delivered
ORD0358,CUST068,2025-02-14,861.93,Shipped
ORD0359,CUST063,2025-04-11,9.26,Pending
ORD0360,CUST018,2025-07-30,1852.74,Delivered
ORD0361,CUST014,2025-03-01,2470.88,Delivered
ORD0362,CUST044,2025-03-11,1801.72,Shipped
ORD0363,CUST026,2025-02-04,1046.47,Delivered
ORD0364,CUST055,2025-02-04,1166.35,Delivered
ORD0365,CUST091,2025-04-24,1624.74,Delivered
ORD0366,CUST047,2025-03-05,3121.3,Delivered
ORD0367,CUST011,2025-08-09,2883.86,Delivered
ORD0368,CUST088,2024-11-19,2305.33,Delivered
ORD0369,CUST073,2025-09-23,772.95,Shipped
ORD0370,CUST056,2025-06-24,726.82,Shipped
ORD0371,CUST084,2024-10-05,1064.93,Shipped
ORD0372,CUST003,2025-05-21,1566.68,Delivered
ORD0373,CUST004,2025-05-18,1960.93,Shipped
ORD0374,CUST096,2025-03-16,2282.24,Delivered
ORD0375,CUST068,2025-07-17,2481.24,Delivered
ORD0376,CUST044,2025-05-10,2610.07,Pending
ORD0377,CUST030,2025-01-04,292.18,Delivered
ORD0378,CUST017,2025-08-04,1210.8,Shipped
ORD0379,CUST071,2025-01-06,351.12,Delivered
ORD0380,CUST063,2025-03-22,2324.16,Delivered
ORD0381,CUST010,2025-07-02,920.38,Delivered
ORD0382,CUST072,2025-02-15,2555.66,Delivered
ORD0383,CUST063,2025-09-10,3180.69,Delivered
ORD0384,CUST045,2025-06-23,2240.98,Delivered
ORD0385,CUST029,2025-01-26,1983.64,Shipped
ORD0386,CUST062,2025-05-11,5648.01,Shipped
ORD0387,CUST057,2025-01-07,163.16,Shipped
ORD0388,CUST015,2025-09-20,1855.83,Delivered
ORD0389,CUST043,2024-10-25,1524.92,Delivered
ORD0390,CUST096,2025-06-04,250.42,Shipped
ORD0391,CUST061,2025-01-15,1223.53,Delivered
ORD0392,CUST005,2025-03-18,1134.14,Delivered
ORD0393,CUST011,2025-08-20,2655.91,Pending
ORD0394,CUST082,2025-07-14,2856.95,Shipped
ORD0395,CUST074,2025-03-09,181.42,Delivered
ORD0396,CUST092,2025-07-27,762.8,Delivered
ORD0397,CUST055,2025-04-18,873.2,Delivered
ORD0398,CUST039,2024-11-19,1865.81,Shipped
ORD0399,CUST066,2025-08-18,1988.22,Cancelled
ORD0400,CUST059,2025-08-09,1703.1,Delivered
ORD0401,CUST058,2025-09-03,466.7,Delivered
ORD0402,CUST032,2025-05-03,1146.24,Shipped
ORD0403,CUST031,2025-06-24,868.8,Pending
ORD0404,CUST037,2025-05-15,566.64,Delivered
ORD0405,CUST025,2025-01-08,21.12,Shipped
ORD0406,CUST009,2024-12-11,1416.37,Delivered
ORD0407,CUST036,2025-02-16,1288.05,Delivered
ORD0408,CUST096,2024-11-05,1397.41,Shipped
ORD0409,CUST010,2025-06-15,306,Delivered
ORD0410,CUST088,2025-01-08,1441.87,Delivered
ORD0411,CUST084,2024-11-12,3167.01,Shipped
ORD0412,CUST096,2025-06-21,1097.95,Shipped
ORD0413,CUST088,2025-04-12,851.31,Delivered
ORD0414,CUST019,2025-10-02,2382.02,Delivered
ORD0415,CUST006,2025-05-28,1872.76,Shipped
ORD0416,CUST092,2025-03-29,1435.82,Pending
ORD0417,CUST094,2024-11-14,2348.91,Delivered
ORD0418,CUST016,2025-03-02,1705.04,Shipped
ORD0419,CUST006,2024-12-27,2212.45,Cancelled
ORD0420,CUST068,2025-08-12,1751.19,Shipped
ORD0421,CUST099,2025-09-27,3355.87,Delivered
ORD0422,CUST053,2024-10-24,2358.71,Delivered
ORD0423,CUST047,2025-02-19,489.48,Pending
ORD0424,CUST092,2025-05-25,1313.2,Delivered
ORD0425,CUST050,2025-09-30,814.52,Cancelled
ORD0426,CUST081,2025-07-06,1504.45,Delivered
ORD0427,CUST002,2025-04-10,2398.88,Delivered
ORD0428,CUST076,2025-04-26,721.67,Delivered
ORD0429,CUST011,2025-05-15,2720.64,Delivered
ORD0430,CUST091,2025-01-11,875.37,Delivered
ORD0431,CUST021,2025-01-22,1240.92,Delivered
ORD0432,CUST022,2025-05-17,2470.27,Delivered
ORD0433,CUST097,2024-12-27,772.82,Delivered
ORD0434,CUST083,2025-06-10,546.74,Delivered
ORD0435,CUST050,2025-03-22,1297.89,Shipped
ORD0436,CUST080,2025-04-21,2506.89,Shipped
ORD0437,CUST031,2025-01-02,1946.01,Shipped
ORD0438,CUST001,2024-12-14,450.12,Shipped
ORD0439,CUST089,2025-09-15,266.96,Delivered
ORD0440,CUST065,2025-09-12,903.36,Shipped
ORD0441,CUST020,2024-10-02,3127.06,Shipped
ORD0442,CUST016,2025-01-06,3845.5,Shipped
ORD0443,CUST036,2025-06-01,775.53,Delivered
ORD0444,CUST035,2025-05-25,3368.62,Delivered
ORD0445,CUST003,2025-05-13,846.08,Delivered
ORD0446,CUST092,2024-12-27,2587.49,Delivered
ORD0447,CUST084,2025-08-28,1452.6,Cancelled
ORD0448,CUST077,2025-06-10,450.12,Shipped
ORD0449,CUST062,2024-10-10,3247.54,Delivered
ORD0450,CUST053,2025-08-20,814.52,Shipped
ORD0451,CUST011,2025-01-01,2559.39,Shipped
ORD0452,CUST085,2024-11-27,1023.34,Cancelled
ORD0453,CUST012,2025-09-30,1147.54,Shipped
ORD0454,CUST053,2025-01-01,1886.73,Pending
ORD0455,CUST004,2025-03-22,1463.73,Delivered
ORD0456,CUST076,2025-05-30,309.57,Shipped
ORD0457,CUST007,2025-01-11,823.94,Shipped
ORD0458,CUST069,2024-11-27,1043.05,Delivered
ORD0459,CUST052,2025-03-03,230.23,Cancelled
ORD0460,CUST003,2025-06-18,751.65,Delivered
ORD0461,CUST024,2024-11-24,2536.96,Delivered
ORD0462,CUST078,2025-04-10,1787.74,Delivered
ORD0463,CUST039,2024-10-28,2295.49,Delivered
ORD0464,CUST014,2025-08-25,1109.62,Delivered
ORD0465,CUST086,2025-08-08,58.11,Delivered
ORD0466,CUST069,2025-09-07,2314.43,Delivered
ORD0467,CUST066,2025-08-03,57.19,Delivered
ORD0468,CUST017,2024-10-14,1033.05,Delivered
ORD0469,CUST007,2025-03-03,1084.9,Delivered
ORD0470,CUST097,2025-06-05,257.65,Delivered
ORD0471,CUST049,2025-05-22,918,Shipped
ORD0472,CUST021,2025-05-12,450.22,Delivered
ORD0473,CUST057,2025-06-07,575.33,Shipped
ORD0474,CUST015,2025-01-13,1401.52,Shipped
ORD0475,CUST076,2025-04-09,998.74,Delivered
ORD0476,CUST053,2024-11-29,2871.21,Shipped
ORD0477,CUST031,2024-12-26,3584.19,Delivered
ORD0478,CUST017,2025-02-07,1821.26,Delivered
ORD0479,CUST067,2024-10-21,1022.14,Delivered
ORD0480,CUST044,2025-04-17,526.89,Pending
ORD0481,CUST006,2025-01-18,2253.67,Delivered
ORD0482,CUST063,2024-11-25,3511.99,Delivered
ORD0483,CUST081,2025-03-28,1019.52,Shipped
ORD0484,CUST051,2025-04-13,2895.24,Shipped
ORD0485,CUST035,2024-10-17,31.68,Shipped
ORD0486,CUST020,2025-08-24,2639.56,Shipped
ORD0487,CUST061,2024-12-04,1359.39,Delivered
ORD0488,CUST051,2025-01-10,1423.56,Delivered
ORD0489,CUST073,2025-07-14,628.64,Shipped
ORD0490,CUST068,2025-01-23,163.16,Pending
ORD0491,CUST077,2024-10-14,1197.02,Shipped
ORD0492,CUST009,2025-06-06,2071.68,Delivered
ORD0493,CUST063,2025-03-22,775.53,Delivered
ORD0494,CUST032,2025-07-02,879.1,Delivered
ORD0495,CUST069,2024-12-13,3287.77,Delivered
ORD0496,CUST029,2024-10-10,2574.52,Shipped
ORD0497,CUST072,2025-06-22,2522.07,Delivered
ORD0498,CUST075,2024-12-31,1022.87,Delivered
ORD0499,CUST076,2025-02-07,1315.13,Delivered
ORD0500,CUST064,2024-10-09,2822.64,Shipped
ORD0501,CUST047,2025-02-21,3822.5,Delivered
ORD0502,CUST056,2024-11-12,1178.76,Delivered
ORD0503,CUST026,2025-05-11,1192.66,Delivered
ORD0504,CUST005,2025-09-11,3144.71,Delivered
ORD0505,CUST004,2025-08-11,1392.3,Delivered
ORD0506,CUST050,2025-02-04,269.01,Delivered
ORD0507,CUST084,2025-03-11,1371.48,Delivered
ORD0508,CUST091,2025-01-23,548.8,Shipped
ORD0509,CUST030,2025-03-25,2122.06,Shipped
ORD0510,CUST003,2024-10-10,2038.88,Delivered
ORD0511,CUST049,2025-09-12,566.64,Delivered
ORD0512,CUST009,2025-03-20,2834.94,Delivered
ORD0513,CUST030,2025-05-29,721.48,Delivered
ORD0514,CUST084,2025-03-08,2277.1,Delivered
ORD0515,CUST044,2024-11-10,2049.96,Shipped
ORD0516,CUST077,2025-05-19,417,Delivered
ORD0517,CUST068,2024-12-19,1400.2,Delivered
ORD0518,CUST015,2025-05-20,1820.43,Delivered
ORD0519,CUST018,2025-04-04,2764.25,Delivered
ORD0520,CUST073,2025-07-14,1397.26,Shipped
ORD0521,CUST006,2025-10-02,1380.04,Pending
ORD0522,CUST079,2025-04-15,2393.84,Shipped
ORD0523,CUST063,2024-11-02,1371.54,Delivered
ORD0524,CUST092,2025-03-13,2457.5,Delivered
ORD0525,CUST097,2024-12-08,1431.62,Delivered
ORD0526,CUST011,2024-10-31,1406.37,Delivered
ORD0527,CUST019,2025-05-18,568.22,Shipped
ORD0528,CUST062,2024-10-22,533.92,Delivered
ORD0529,CUST049,2024-11-17,1535.98,Delivered
ORD0530,CUST058,2024-10-13,1485.01,Delivered
ORD0531,CUST084,2025-02-07,666.84,Shipped
ORD0532,CUST048,2025-02-11,3806.66,Shipped
ORD0533,CUST079,2024-11-28,3298.45,Delivered
ORD0534,CUST022,2025-09-14,1024.23,Delivered
ORD0535,CUST014,2024-10-11,689.34,Delivered
ORD0536,CUST088,2025-09-04,2751.43,Delivered
ORD0537,CUST017,2024-12-04,1341.3,Delivered
ORD0538,CUST050,2025-07-02,749.94,Delivered
ORD0539,CUST032,2025-05-06,1619.23,Shipped
ORD0540,CUST014,2025-01-10,2608.98,Delivered
ORD0541,CUST065,2024-11-21,1946.18,Shipped
ORD0542,CUST099,2025-08-20,3009.94,Shipped
ORD0543,CUST018,2025-04-25,2625.77,Shipped
ORD0544,CUST066,2025-09-02,2821.27,Shipped
ORD0545,CUST020,2024-10-12,1754.51,Delivered
ORD0546,CUST046,2025-03-23,1310.55,Shipped
ORD0547,CUST059,2024-11-22,3020.49,Shipped
ORD0548,CUST073,2025-04-25,2892.66,Shipped
ORD0549,CUST064,2025-09-17,3067.77,Delivered
ORD0550,CUST032,2025-02-07,2357.37,Delivered
ORD0551,CUST027,2025-02-04,31.68,Delivered
ORD0552,CUST074,2024-12-15,2221.7,Shipped
ORD0553,CUST066,2025-07-03,635.29,Cancelled
ORD0554,CUST030,2025-04-24,1917.08,Shipped
ORD0555,CUST006,2025-04-15,1193.49,Delivered
ORD0556,CUST042,2025-01-14,283.77,Delivered
ORD0557,CUST066,2025-01-19,269.01,Shipped
ORD0558,CUST043,2024-11-21,3688.21,Shipped
ORD0559,CUST071,2024-11-24,957.18,Shipped
ORD0560,CUST053,2024-11-30,1652.85,Delivered
ORD0561,CUST052,2025-06-21,1621,Shipped
ORD0562,CUST013,2024-11-26,1346.94,Shipped
ORD0563,CUST094,2025-03-30,2114.22,Cancelled
ORD0564,CUST046,2025-09-10,707.74,Delivered
ORD0565,CUST001,2024-11-27,2429.51,Shipped
ORD0566,CUST059,2024-11-17,2328.17,Delivered
ORD0567,CUST027,2025-09-18,1677.23,Delivered
ORD0568,CUST022,2025-04-12,1545.05,Shipped
ORD0569,CUST006,2025-03-08,2200.82,Delivered
ORD0570,CUST067,2024-10-06,1374.57,Shipped
ORD0571,CUST054,2025-08-08,2229.86,Delivered
ORD0572,CUST019,2025-07-06,2833.63,Pending
ORD0573,CUST008,2025-04-29,1670.7,Delivered
ORD0574,CUST013,2025-03-29,2389.8,Delivered
ORD0575,CUST093,2025-01-07,1734.22,Shipped
ORD0576,CUST054,2024-11-14,2195.2,Shipped
ORD0577,CUST090,2025-08-06,2017.62,Cancelled
ORD0578,CUST046,2024-10-11,2269.15,Delivered
ORD0579,CUST026,2025-05-26,278,Delivered
ORD0580,CUST061,2025-01-16,2164.85,Shipped
ORD0581,CUST040,2025-05-24,1811.01,Delivered
ORD0582,CUST020,2024-11-26,1625.38,Delivered
ORD0583,CUST089,2025-08-03,1477.69,Shipped
ORD0584,CUST070,2025-02-25,311.24,Delivered
ORD0585,CUST098,2025-09-07,2594.26,Delivered
ORD0586,CUST072,2025-06-04,1551.92,Delivered
ORD0587,CUST095,2025-01-11,1797.26,Shipped
ORD0588,CUST048,2025-02-05,3037.59,Pending
ORD0589,CUST097,2025-01-13,3016.34,Delivered
ORD0590,CUST032,2025-03-11,1709.16,Delivered
ORD0591,CUST058,2025-05-22,3415.97,Delivered
ORD0592,CUST008,2025-09-28,2458.11,Delivered
ORD0593,CUST023,2024-11-27,1794.86,Shipped
ORD0594,CUST039,2024-10-05,2925.6,Delivered
ORD0595,CUST062,2024-10-08,1041.59,Delivered
ORD0596,CUST059,2025-02-14,631.69,Shipped
ORD0597,CUST005,2024-11-26,1644.26,Shipped
ORD0598,CUST083,2025-03-20,1876.75,Pending
ORD0599,CUST018,2025-04-18,1977.84,Delivered
ORD0600,CUST033,2024-12-01,1941.42,Shipped
ORD0601,CUST048,2025-02-13,1030.71,Delivered
ORD0602,CUST075,2024-10-21,966,Delivered
ORD0603,CUST014,2025-04-01,1632.3,Shipped
ORD0604,CUST051,2024-12-02,198.66,Delivered
ORD0605,CUST042,2024-12-18,2034.53,Shipped
ORD0606,CUST057,2024-12-20,1816.28,Shipped
ORD0607,CUST066,2025-06-01,816.74,Shipped
ORD0608,CUST018,2025-05-13,1865.32,Delivered
ORD0609,CUST057,2025-05-07,1250.72,Delivered
ORD0610,CUST082,2025-01-29,805,Cancelled
ORD0611,CUST043,2024-12-14,1523.5,Delivered
ORD0612,CUST053,2025-05-06,2772.5,Shipped
ORD0613,CUST028,2025-08-19,775.53,Delivered
ORD0614,CUST013,2025-04-20,1623.1,Shipped
ORD0615,CUST048,2025-08-01,2162.18,Delivered
ORD0616,CUST094,2025-08-19,2047.68,Delivered
ORD0617,CUST081,2025-05-06,270,Delivered
ORD0618,CUST081,2024-10-05,608.4,Cancelled
ORD0619,CUST043,2024-11-02,3889.68,Cancelled
ORD0620,CUST068,2025-05-19,2895.69,Shipped
ORD0621,CUST002,2024-12-13,430.3,Cancelled
ORD0622,CUST042,2025-06-07,717.98,Shipped
ORD0623,CUST044,2025-04-07,795.61,Shipped
ORD0624,CUST008,2024-12-29,1574.65,Delivered
ORD0625,CUST066,2024-10-07,2066.01,Delivered
ORD0626,CUST005,2024-12-12,2010.62,Delivered
ORD0627,CUST040,2025-01-10,1547.3,Delivered
ORD0628,CUST100,2025-08-14,1012.48,Delivered
ORD0629,CUST006,2025-06-21,1506.16,Delivered
ORD0630,CUST065,2025-06-19,1359.77,Shipped
ORD0631,CUST070,2025-09-16,1283.2,Cancelled
ORD0632,CUST007,2025-09-05,1731.4,Shipped
ORD0633,CUST075,2025-04-05,387.53,Delivered
ORD0634,CUST035,2025-09-09,884.84,Shipped
ORD0635,CUST032,2025-06-16,1880.11,Delivered
ORD0636,CUST096,2025-07-13,1637.94,Delivered
ORD0637,CUST002,2025-07-30,1985.02,Delivered
ORD0638,CUST095,2025-05-09,2664.07,Delivered
ORD0639,CUST026,2024-11-14,392.92,Shipped
ORD0640,CUST096,2025-03-26,945.05,Shipped
ORD0641,CUST034,2025-05-01,2355.24,Shipped
ORD0642,CUST010,2025-07-28,1598.46,Delivered
ORD0643,CUST030,2025-01-22,1886.36,Cancelled
ORD0644,CUST018,2025-04-04,1825.09,Delivered
ORD0645,CUST003,2025-07-17,728.02,Cancelled
ORD0646,CUST049,2025-07-03,1498.58,Delivered
ORD0647,CUST044,2025-03-27,872.64,Delivered
ORD0648,CUST020,2025-07-30,521.64,Delivered
ORD0649,CUST090,2024-12-30,2874.43,Shipped
ORD0650,CUST037,2025-09-15,1131.27,Delivered
ORD0651,CUST015,2025-08-16,466.7,Delivered
ORD0652,CUST062,2025-03-27,669.42,Delivered
ORD0653,CUST080,2025-04-22,1601.95,Delivered
ORD0654,CUST003,2025-08-19,657.72,Shipped
ORD0655,CUST088,2025-08-15,134.01,Cancelled
ORD0656,CUST004,2025-05-18,3246.28,Delivered
ORD0657,CUST044,2024-11-09,2798.06,Delivered
ORD0658,CUST063,2025-04-06,1862.78,Shipped
ORD0659,CUST036,2025-07-12,1523.83,Delivered
ORD0660,CUST047,2025-06-06,290.07,Shipped
ORD0661,CUST100,2025-08-27,475.44,Shipped
ORD0662,CUST071,2024-12-06,4130.17,Delivered
ORD0663,CUST030,2025-07-05,3509.93,Delivered
ORD0664,CUST008,2025-04-26,2923.12,Shipped
ORD0665,CUST021,2025-02-04,1584.2,Shipped
ORD0666,CUST036,2025-02-07,1359.48,Shipped
ORD0667,CUST034,2025-01-23,2516.4,Shipped
ORD0668,CUST045,2025-06-22,1429.01,Shipped
ORD0669,CUST011,2025-06-09,1826.53,Pending
ORD0670,CUST071,2025-06-23,2081.06,Cancelled
ORD0671,CUST016,2025-01-26,1881.77,Delivered
ORD0672,CUST035,2025-01-26,2047.36,Delivered
ORD0673,CUST045,2024-11-21,1781.71,Delivered
ORD0674,CUST008,2025-09-07,2581.4,Delivered
ORD0675,CUST044,2025-04-28,2110.44,Cancelled
ORD0676,CUST039,2024-10-13,1338.7,Delivered
ORD0677,CUST030,2025-08-17,1214.24,Shipped
ORD0678,CUST087,2024-10-26,1038.28,Shipped
ORD0679,CUST041,2025-07-24,188.88,Delivered
ORD0680,CUST085,2025-08-12,1419.88,Delivered
ORD0681,CUST069,2024-10-18,1897.16,Shipped
ORD0682,CUST071,2025-04-08,1683.82,Delivered
ORD0683,CUST063,2024-10-30,897.32,Delivered
ORD0684,CUST075,2025-07-18,2425.82,Shipped
ORD0685,CUST044,2025-02-26,684.1,Cancelled
ORD0686,CUST097,2025-01-11,1919.4,Delivered
ORD0687,CUST027,2025-09-08,2140.75,Cancelled
ORD0688,CUST078,2025-04-25,3947.19,Shipped
ORD0689,CUST053,2025-05-10,322.71,Delivered
ORD0690,CUST055,2025-09-06,2079.96,Shipped
ORD0691,CUST006,2025-05-29,528.02,Delivered
ORD0692,CUST058,2025-03-06,1510.11,Shipped
ORD0693,CUST037,2025-04-16,3271.45,Delivered
ORD0694,CUST044,2025-03-26,3246.95,Pending
ORD0695,CUST046,2025-06-25,328.86,Shipped
ORD0696,CUST039,2024-11-23,289.07,Shipped
ORD0697,CUST037,2025-07-01,994.88,Shipped
ORD0698,CUST088,2025-04-23,1987.76,Delivered
ORD0699,CUST057,2024-10-05,822.59,Shipped
ORD0700,CUST083,2024-11-14,1195.28,Delivered
ORD0701,CUST032,2025-02-02,3129.15,Cancelled
ORD0702,CUST078,2025-08-25,639.69,Delivered
ORD0703,CUST020,2025-03-11,1390.83,Delivered
ORD0704,CUST036,2025-04-14,2841.24,Delivered
ORD0705,CUST036,2024-12-02,2318.36,Delivered
ORD0706,CUST097,2024-10-08,2787.25,Shipped
ORD0707,CUST020,2024-11-16,1258.15,Shipped
ORD0708,CUST052,2025-02-22,1280.92,Shipped
ORD0709,CUST031,2025-05-15,3307.01,Delivered
ORD0710,CUST069,2025-03-31,1034.55,Shipped
ORD0711,CUST043,2024-11-26,2680.21,Delivered
ORD0712,CUST034,2025-06-13,2325.64,Pending
ORD0713,CUST078,2024-10-30,3636.35,Shipped
ORD0714,CUST060,2025-01-26,720.61,Delivered
ORD0715,CUST014,2024-11-14,1200.64,Delivered
ORD0716,CUST002,2025-04-10,181.42,Pending
ORD0717,CUST031,2024-10-09,1845.16,Delivered
ORD0718,CUST023,2025-08-24,3825.76,Shipped
ORD0719,CUST085,2024-10-19,1439.4,Delivered
ORD0720,CUST090,2024-12-23,1680.3,Delivered
ORD0721,CUST060,2024-11-23,1877.13,Delivered
ORD0722,CUST054,2025-09-20,297.99,Delivered
ORD0723,CUST047,2025-01-08,550.88,Delivered
ORD0724,CUST074,2025-06-18,1459.98,Delivered
ORD0725,CUST060,2024-12-21,3023.75,Shipped
ORD0726,CUST086,2025-07-08,2598.95,Delivered
ORD0727,CUST092,2024-11-25,2108.38,Shipped
ORD0728,CUST059,2025-07-30,2009.73,Delivered
ORD0729,CUST089,2024-12-27,1474.52,Pending
ORD0730,CUST085,2025-06-04,1667.6,Delivered
ORD0731,CUST022,2025-08-04,1714.62,Delivered
ORD0732,CUST010,2025-08-13,1832.73,Delivered
ORD0733,CUST043,2024-10-31,3890.76,Delivered
ORD0734,CUST062,2025-04-30,814.52,Delivered
ORD0735,CUST066,2024-10-05,1357.47,Delivered
ORD0736,CUST083,2024-11-24,990.74,Delivered
ORD0737,CUST048,2024-10-15,1899.92,Shipped
ORD0738,CUST024,2025-03-08,1409.95,Delivered
ORD0739,CUST093,2025-09-10,2141.01,Shipped
ORD0740,CUST059,2025-06-19,845.35,Shipped
ORD0741,CUST091,2024-12-24,2268.58,Cancelled
ORD0742,CUST011,2024-11-28,2923.26,Shipped
ORD0743,CUST029,2024-10-30,453.05,Delivered
ORD0744,CUST055,2025-09-09,3193.1,Delivered
ORD0745,CUST005,2025-08-28,1276.72,Delivered
ORD0746,CUST018,2025-03-23,1094.81,Delivered
ORD0747,CUST088,2024-12-31,1589.95,Delivered
ORD0748,CUST100,2025-03-22,1620.18,Delivered
ORD0749,CUST045,2025-05-20,2050.44,Delivered
ORD0750,CUST088,2025-04-04,721.02,Cancelled
ORD0751,CUST092,2025-08-23,598.13,Delivered
ORD0752,CUST045,2024-12-27,1928.71,Delivered
ORD0753,CUST044,2024-12-08,2660.43,Delivered
ORD0754,CUST054,2025-10-02,290.07,Shipped
ORD0755,CUST072,2025-07-19,888.46,Delivered
ORD0756,CUST027,2025-09-02,888.46,Shipped
ORD0757,CUST064,2024-12-25,2084.86,Delivered
ORD0758,CUST070,2025-04-22,152.44,Shipped
ORD0759,CUST090,2025-03-27,2051.23,Delivered
ORD0760,CUST045,2025-01-27,630.3,Delivered
ORD0761,CUST086,2025-09-16,1861.96,Delivered
ORD0762,CUST087,2024-11-04,3145.95,Shipped
ORD0763,CUST013,2025-05-03,3266.42,Delivered
ORD0764,CUST010,2024-11-08,1885,Delivered
ORD0765,CUST085,2025-08-20,1160.81,Delivered
ORD0766,CUST098,2025-07-25,823.2,Delivered
ORD0767,CUST032,2024-10-12,1552.35,Shipped
ORD0768,CUST009,2025-09-27,1396.95,Pending
ORD0769,CUST080,2024-10-31,1571.24,Delivered
ORD0770,CUST006,2024-11-22,1220.28,Shipped
ORD0771,CUST093,2025-02-16,1766.84,Delivered
ORD0772,CUST005,2025-09-12,1387.32,Shipped
ORD0773,CUST013,2024-10-05,1727.87,Pending
ORD0774,CUST014,2025-05-29,1708.85,Delivered
ORD0775,CUST002,2024-11-24,1875.18,Shipped
ORD0776,CUST013,2025-10-02,1419.5,Delivered
ORD0777,CUST087,2024-12-31,1812.58,Pending
ORD0778,CUST054,2025-05-11,870.94,Cancelled
ORD0779,CUST001,2024-11-07,3884.01,Shipped
ORD0780,CUST037,2025-09-12,1315.91,Shipped
ORD0781,CUST067,2025-06-24,606.42,Delivered
ORD0782,CUST033,2024-11-17,1179.04,Delivered
ORD0783,CUST069,2025-08-21,813.46,Shipped
ORD0784,CUST071,2024-12-31,1400.67,Delivered
ORD0785,CUST095,2025-03-15,1654.84,Shipped
ORD0786,CUST073,2024-10-31,2077.33,Delivered
ORD0787,CUST061,2024-11-17,268.02,Shipped
ORD0788,CUST083,2025-04-19,726.67,Delivered
ORD0789,CUST080,2024-12-06,1995.31,Delivered
ORD0790,CUST005,2025-02-10,458.28,Cancelled
ORD0791,CUST070,2025-05-09,1515.44,Delivered
ORD0792,CUST050,2025-07-05,1410.52,Shipped
ORD0793,CUST092,2025-09-10,2646.29,Delivered
ORD0794,CUST014,2025-05-18,701.24,Delivered
ORD0795,CUST094,2025-05-05,3229.84,Delivered
ORD0796,CUST058,2025-07-21,892.82,Delivered
ORD0797,CUST087,2025-01-01,400.25,Shipped
ORD0798,CUST022,2024-11-17,3041.83,Shipped
ORD0799,CUST055,2024-10-09,1987.23,Delivered
ORD0800,CUST026,2025-04-10,2048.58,Delivered
ORD0801,CUST038,2025-08-16,230.23,Shipped
ORD0802,CUST038,2025-05-08,1168,Delivered
ORD0803,CUST015,2025-02-01,1543.28,Shipped
ORD0804,CUST097,2025-01-22,2451.82,Delivered
ORD0805,CUST008,2025-03-27,3069.28,Delivered
ORD0806,CUST100,2024-10-28,933.72,Shipped
ORD0807,CUST045,2025-07-10,1461.44,Delivered
ORD0808,CUST095,2025-09-27,3128.69,Delivered
ORD0809,CUST074,2024-10-16,648.78,Delivered
ORD0810,CUST062,2025-05-31,1797.18,Delivered
ORD0811,CUST014,2025-08-22,1274.84,Shipped
ORD0812,CUST013,2025-03-16,1210.8,Delivered
ORD0813,CUST092,2025-02-20,1909.94,Delivered
ORD0814,CUST026,2025-06-21,1032.16,Delivered
ORD0815,CUST045,2025-04-01,1534.32,Delivered
ORD0816,CUST085,2025-09-14,1221.78,Shipped
ORD0817,CUST053,2025-01-05,2563.63,Shipped
ORD0818,CUST075,2025-08-19,2861.84,Delivered
ORD0819,CUST003,2025-04-26,3210.45,Delivered
ORD0820,CUST069,2025-10-02,1058.1,Pending
ORD0821,CUST001,2025-03-22,422.13,Delivered
ORD0822,CUST023,2025-04-21,2168.17,Delivered
ORD0823,CUST019,2025-04-14,1146.23,Delivered
ORD0824,CUST025,2025-01-05,402.03,Delivered
ORD0825,CUST078,2024-11-23,2788.08,Delivered
ORD0826,CUST098,2024-11-18,867.21,Delivered
ORD0827,CUST021,2024-10-02,1643.92,Shipped
ORD0828,CUST092,2025-06-24,2452.07,Shipped
ORD0829,CUST069,2025-09-26,2625.62,Delivered
ORD0830,CUST046,2024-11-25,1180.44,Delivered
ORD0831,CUST022,2024-11-21,2627.9,Delivered
ORD0832,CUST020,2025-06-22,2776.47,Delivered
ORD0833,CUST015,2025-08-16,1596,Delivered
ORD0834,CUST005,2025-03-19,450.12,Delivered
ORD0835,CUST010,2025-06-05,734.69,Delivered
ORD0836,CUST011,2024-11-07,2338.01,Delivered
ORD0837,CUST092,2025-07-15,803.22,Shipped
ORD0838,CUST097,2025-07-09,67.86,Shipped
ORD0839,CUST007,2025-04-02,1732.54,Delivered
ORD0840,CUST088,2025-03-09,746.33,Delivered
ORD0841,CUST073,2025-08-11,247.92,Delivered
ORD0842,CUST028,2025-01-11,1509.32,Delivered
ORD0843,CUST088,2024-10-20,2352.32,Delivered
ORD0844,CUST076,2025-02-27,1721.9,Shipped
ORD0845,CUST010,2025-01-10,114.38,Shipped
ORD0846,CUST037,2025-02-04,689,Shipped
ORD0847,CUST098,2025-01-09,1373.92,Delivered
ORD0848,CUST081,2024-11-11,3444.67,Delivered
ORD0849,CUST074,2025-05-23,905.08,Delivered
ORD0850,CUST095,2025-01-31,150.04,Delivered
ORD0851,CUST067,2025-01-14,96.69,Shipped
ORD0852,CUST009,2025-07-14,2006.32,Shipped
ORD0853,CUST004,2024-12-03,1232.5,Delivered
ORD0854,CUST054,2024-12-31,2564.52,Delivered
ORD0855,CUST064,2025-02-24,727.04,Delivered
ORD0856,CUST054,2024-10-31,489.48,Shipped
ORD0857,CUST038,2025-06-21,1341.3,Pending
ORD0858,CUST041,2025-06-30,163.16,Delivered
ORD0859,CUST028,2024-10-20,2402.14,Shipped
ORD0860,CUST056,2025-01-05,1834.95,Pending
ORD0861,CUST072,2025-08-05,675.33,Delivered
ORD0862,CUST057,2025-06-13,487.91,Shipped
ORD0863,CUST071,2025-08-03,861.93,Delivered
ORD0864,CUST038,2025-09-25,1832.61,Shipped
ORD0865,CUST072,2024-12-24,2575.01,Delivered
ORD0866,CUST028,2025-07-30,1351.51,Delivered
ORD0867,CUST021,2024-12-25,782.62,Delivered
ORD0868,CUST087,2025-07-05,3966.84,Delivered
ORD0869,CUST060,2025-06-06,2856.84,Delivered
ORD0870,CUST048,2024-12-01,2077.37,Shipped
ORD0871,CUST090,2025-08-23,941.86,Shipped
ORD0872,CUST059,2025-09-19,565.46,Delivered
ORD0873,CUST027,2025-09-20,464.55,Shipped
ORD0874,CUST055,2025-04-20,1451.44,Delivered
ORD0875,CUST064,2025-08-24,1831.08,Delivered
ORD0876,CUST026,2025-03-25,1608.81,Shipped
ORD0877,CUST069,2024-11-27,1469.93,Delivered
ORD0878,CUST007,2025-06-04,4119.16,Delivered
ORD0879,CUST097,2025-05-29,448.98,Shipped
ORD0880,CUST070,2025-06-16,1584.29,Delivered
ORD0881,CUST052,2025-10-02,1030.36,Delivered
ORD0882,CUST029,2025-02-03,2659.41,Cancelled
ORD0883,CUST040,2024-12-01,2577.2,Shipped
ORD0884,CUST030,2025-06-28,602.17,Cancelled
ORD0885,CUST032,2025-07-02,2386.92,Shipped
ORD0886,CUST059,2025-05-01,2552.39,Shipped
ORD0887,CUST027,2025-04-07,1229.94,Delivered
ORD0888,CUST095,2025-02-26,438.7,Shipped
ORD0889,CUST004,2025-06-29,1359.13,Delivered
ORD0890,CUST099,2025-05-12,292.92,Shipped
ORD0891,CUST029,2024-12-27,968.68,Delivered
ORD0892,CUST030,2025-05-21,391.31,Delivered
ORD0893,CUST007,2025-05-22,660.02,Delivered
ORD0894,CUST082,2024-10-07,4119.06,Delivered
ORD0895,CUST094,2025-06-23,1177.47,Delivered
ORD0896,CUST067,2025-04-13,1805.94,Shipped
ORD0897,CUST005,2025-03-15,2549.29,Delivered
ORD0898,CUST011,2025-01-09,903.64,Shipped
ORD0899,CUST099,2025-03-22,3195.77,Delivered
ORD0900,CUST072,2025-06-11,801.57,Delivered
ORD0901,CUST004,2025-02-18,1990.89,Shipped
ORD0902,CUST015,2025-01-13,817.79,Delivered
ORD0903,CUST010,2025-03-11,2980.36,Delivered
ORD0904,CUST018,2025-04-20,3434.56,Delivered
ORD0905,CUST036,2025-03-17,1171.41,Pending
ORD0906,CUST068,2025-03-18,2007.3,Delivered
ORD0907,CUST053,2024-11-07,448.98,Delivered
ORD0908,CUST082,2025-01-12,605.3,Delivered
ORD0909,CUST087,2025-02-21,3109.69,Shipped
ORD0910,CUST088,2025-08-15,869.54,Delivered
ORD0911,CUST004,2025-06-06,2762.5,Delivered
ORD0912,CUST073,2025-04-17,1194.26,Shipped
ORD0913,CUST039,2025-03-28,1688.68,Delivered
ORD0914,CUST030,2024-10-26,1474.46,Delivered
ORD0915,CUST074,2025-02-13,3128.75,Pending
ORD0916,CUST019,2024-10-21,2600.46,Delivered
ORD0917,CUST076,2025-07-03,2185.28,Delivered
ORD0918,CUST015,2024-11-15,1684.26,Delivered
ORD0919,CUST031,2025-07-29,3555.9,Shipped
ORD0920,CUST080,2025-08-27,2706.17,Delivered
ORD0921,CUST066,2025-04-17,1354,Delivered
ORD0922,CUST063,2025-04-05,1582.63,Delivered
ORD0923,CUST059,2025-02-16,2722.27,Shipped
ORD0924,CUST019,2025-02-16,874.83,Shipped
ORD0925,CUST089,2024-10-02,1786.32,Delivered
ORD0926,CUST042,2025-09-26,367.36,Cancelled
ORD0927,CUST009,2024-12-19,2529.46,Delivered
ORD0928,CUST074,2025-09-02,1211.49,Shipped
ORD0929,CUST032,2025-02-08,445.37,Delivered
ORD0930,CUST054,2025-09-16,1152.12,Shipped
ORD0931,CUST050,2025-07-02,397.82,Shipped
ORD0932,CUST023,2024-12-05,1341.34,Delivered
ORD0933,CUST087,2025-05-27,1253.26,Delivered
ORD0934,CUST023,2025-07-06,1785.4,Shipped
ORD0935,CUST089,2024-10-27,1190.35,Shipped
ORD0936,CUST030,2025-04-18,712.15,Shipped
ORD0937,CUST024,2024-12-17,2428.2,Delivered
ORD0938,CUST027,2025-02-03,341.41,Delivered
ORD0939,CUST078,2025-06-05,279.96,Delivered
ORD0940,CUST089,2025-02-23,1598.85,Delivered
ORD0941,CUST023,2024-12-04,1517.58,Pending
ORD0942,CUST059,2025-01-29,2918.28,Delivered
ORD0943,CUST021,2024-11-19,2663.25,Delivered
ORD0944,CUST081,2024-11-12,550.88,Shipped
ORD0945,CUST092,2025-10-02,2210.29,Shipped
ORD0946,CUST021,2025-04-12,1157.38,Delivered
ORD0947,CUST047,2024-11-04,1563.68,Shipped
ORD0948,CUST060,2025-03-18,196.7,Delivered
ORD0949,CUST066,2024-10-03,848.19,Shipped
ORD0950,CUST002,2025-09-08,297.99,Shipped
ORD0951,CUST095,2025-01-11,2568.89,Shipped
ORD0952,CUST055,2025-06-24,2646.48,Delivered
ORD0953,CUST090,2025-05-18,1586.46,Delivered
ORD0954,CUST085,2025-02-07,1688.25,Delivered
ORD0955,CUST071,2025-04-09,894.2,Delivered
ORD0956,CUST041,2025-01-15,1285.12,Delivered
ORD0957,CUST011,2025-04-05,1490.64,Delivered
ORD0958,CUST031,2024-10-25,826.17,Delivered
ORD0959,CUST037,2025-07-31,2142.61,Shipped
ORD0960,CUST088,2025-04-05,391.31,Delivered
ORD0961,CUST087,2024-11-01,1065.25,Delivered
ORD0962,CUST067,2025-07-04,2301.45,Delivered
ORD0963,CUST070,2025-03-12,3636.74,Shipped
ORD0964,CUST059,2025-10-02,3375.9,Delivered
ORD0965,CUST100,2025-07-22,1556.09,Delivered
ORD0966,CUST044,2025-08-14,1837.7,Delivered
ORD0967,CUST053,2025-01-13,2260.54,Shipped
ORD0968,CUST092,2025-04-24,2234.77,Delivered
ORD0969,CUST007,2025-03-05,657.72,Shipped
ORD0970,CUST090,2025-06-30,2275.45,Delivered
ORD0971,CUST085,2024-10-14,1124.42,Delivered
ORD0972,CUST081,2025-07-19,999.02,Delivered
ORD0973,CUST084,2024-10-29,3208.84,Pending
ORD0974,CUST081,2025-03-18,929.36,Shipped
ORD0975,CUST002,2024-10-31,364.01,Delivered
ORD0976,CUST041,2025-04-06,1979.59,Shipped
ORD0977,CUST006,2025-03-15,1691.34,Shipped
ORD0978,CUST061,2025-03-23,976.62,Shipped
ORD0979,CUST043,2024-12-11,1936.23,Pending
ORD0980,CUST023,2025-04-07,319.44,Pending
ORD0981,CUST067,2025-01-29,2453.7,Delivered
ORD0982,CUST046,2024-11-10,864.24,Delivered
ORD0983,CUST065,2025-09-30,507.94,Delivered
ORD0984,CUST014,2025-09-16,3308.87,Shipped
ORD0985,CUST060,2025-04-05,417,Delivered
ORD0986,CUST046,2025-03-30,875.64,Shipped
ORD0987,CUST036,2025-02-19,3513.72,Delivered
ORD0988,CUST074,2024-11-21,2411.82,Delivered
ORD0989,CUST041,2025-09-11,2518.89,Delivered
ORD0990,CUST036,2025-01-02,1201.52,Delivered
ORD0991,CUST016,2025-09-18,722.88,Delivered
ORD0992,CUST001,2025-05-13,1025.07,Delivered
ORD0993,CUST007,2024-10-06,2502.36,Delivered
ORD0994,CUST090,2025-07-02,1197.84,Cancelled
ORD0995,CUST062,2024-11-03,2609.19,Delivered
ORD0996,CUST037,2025-02-21,135.82,Delivered
ORD0997,CUST052,2025-08-17,67.86,Shipped
ORD0998,CUST077,2025-08-07,2632.75,Delivered
ORD0999,CUST026,2025-06-26,975.82,Delivered
ORD1000,CUST045,2025-08-12,1095.42,Pending
